cylinders,displacement,horsepower,weight,acceleration,model_year,origin,mpg
4,131.16497343682636,83.08832423048281,2682.099685146484,20.180891553700214,73,1,29.290866673797126
8,215.12642916746256,141.78117436268414,3890.6944408725394,13.801091443156192,72,1,12.88856837103849
6,176.20646071755056,101.72732375377153,3481.907385909245,15.674054177255657,82,1,23.10052840629299
6,164.9671102134916,120.58811071004267,3312.986471451825,17.79777249561927,79,2,21.84140705493362
4,108.7347819515917,63.54787571348689,2883.160019303895,10.744902801200904,81,3,30.065448721480315
4,128.48165277980786,55.09846444363728,2679.8208549728542,9.717573564057673,71,1,27.341327002117108
4,124.38124523482045,53.320449917713155,2719.6587975790226,10.423031056289716,81,1,28.906937871620002
8,236.20264454000957,151.2721194161477,3400.449828866973,18.787752310281547,72,2,16.129453011478113
6,187.58218210731494,92.6348477700446,3529.0819186756203,13.344425562322659,80,3,24.010577007439124
6,168.31505762449137,129.0575301838124,3386.6221189744983,22.674597857004755,80,1,23.18926723701337
4,122.22929456942445,47.016847105395335,2949.502527464913,13.307257204027835,80,1,26.579509878849308
8,219.34599865109817,164.35747641948046,3175.9361554515776,15.55365390959111,70,1,13.764123980933006
8,228.86249528732662,146.53220960643142,4422.093676195182,19.626329857703627,70,3,8.933857093510051
4,110.04785418448473,70.8394426575553,2665.1025929612065,21.018278664477368,75,1,31.183540801532803
4,113.45493947489078,65.4609709582926,2977.0457041843792,21.184510729909192,74,1,27.189598595205926
4,120.92735538155371,76.78963337222486,2440.023518218617,18.625098691779428,77,2,31.867194507728215
4,99.72668975149791,71.54838357090182,2853.1934762656424,18.072187577434388,71,2,27.943282386431626
6,199.3858091352819,121.23962258419826,3036.646109206586,16.77758084760355,73,1,25.152758202029574
4,96.90973927750447,73.37073178394448,2544.057759826049,17.33508322849991,77,3,33.35162180047307
4,93.78717080818402,73.80362113754254,3178.5078384666967,13.3464428510144,81,1,28.351409900437435
6,185.37166310250103,103.63665345343372,3252.3293998091635,12.545403349733078,75,1,23.13855556805603
4,123.87494040944404,71.31665251534719,2754.358218294931,14.989876627767144,70,1,25.815635586578157
4,121.36179725578234,75.6936212267047,2917.5169326721884,14.489446132425215,73,2,25.9416389480434
4,121.4251826389642,51.477979288120494,2823.9204719931513,13.640315852018174,70,1,23.595394947585696
4,111.81629840729629,55.821774934731444,2737.6047262858942,17.089162342370145,82,3,34.103515455195776
8,210.54118442771252,152.91916912827259,3991.2402506165563,17.865915625711533,71,2,10.647423937057445
4,113.1370683729059,74.0503852575353,3300.853896309569,15.265220658875542,74,2,23.22033072557806
6,157.84257432731832,105.79219996376786,3285.5953007416038,19.432590243165784,77,2,27.96483007314142
6,182.62679600126626,108.22120719678472,3350.274761678742,11.574932657599485,77,2,19.892940057448797
4,109.79413927746792,76.17098046434005,2962.663599001903,14.419021622160846,80,1,25.064632015202783
6,155.61754204811234,101.52288383628766,3576.381483239496,12.849533038191584,72,1,19.36325614541266
4,107.1792123752051,62.66034329517225,2996.757576390095,9.40039014878082,80,3,29.36416623900751
4,118.19397181413436,74.35014306117218,2859.682555507296,14.751957942471902,82,1,30.598176317275755
8,215.54413170794038,132.25952666861963,3614.2487718173793,14.634757474850149,73,2,11.593673033454046
8,211.66669406650354,148.89903306857366,4308.357883075274,19.540349229726395,79,3,19.527465924997156
8,227.65530817237868,123.56899674914592,3613.413651745328,16.892435053664332,80,1,18.291806457257827
4,115.67449856663085,84.34986764790773,2775.658866309758,11.927439527012385,75,2,26.43068934644238
4,104.39585236943306,77.67116978895652,2511.4310374951606,20.562277699002564,80,1,37.49303522686873
6,160.93442541572517,111.07235681176651,3283.965413351752,18.66310108657606,80,1,27.831187878382103
4,115.48074906036454,83.79229180734617,2782.19060257587,16.746293110405848,79,1,25.945649508067714
4,90.27873487754013,91.98569333355093,2780.339303862568,14.320547703450504,72,1,20.190634021190206
4,90.88804338435168,84.17244078021757,2805.4801885588213,12.121682289829561,71,2,26.07140913323595
4,101.22333668121345,49.909509224020255,3103.427817264662,13.883379671786841,75,3,28.614283633091425
8,220.7982927243223,128.6450763991716,4013.383575378495,18.26624585911256,80,2,17.186550954763987
4,116.66361348397007,64.50217706765186,2638.960841177338,20.653758917803827,82,1,35.0853337989508
6,190.1303432542433,108.31309260253,3541.0217920720893,19.629730584816567,74,1,20.01166612480387
4,124.86489434803029,78.21190824562947,2997.36762223116,13.533451734641178,79,2,27.963977583468168
6,165.6009220505486,99.29107424215842,2993.0980462157518,11.641147700132967,74,1,20.6668417641936
6,167.71475688145966,110.24120117372495,3449.3500174624646,15.422658740733612,79,3,24.03588500487586
4,96.96205953043287,62.93540481176013,2875.2931855777247,9.694681903311444,82,3,27.31297597874058
8,223.72230296011415,136.66178636409663,3825.609124160002,15.969503142554345,74,2,17.813842216172766
8,219.67012041619793,127.12006683782133,4243.926703327905,14.557192241103994,79,3,17.09827595826731
8,228.84077840507135,132.92120104666915,3862.4861032418685,13.601890494395274,81,1,17.026503261886656
8,211.59153584671515,127.779784732604,3931.3941133678854,10.215890798199613,74,2,10.106262391608105
6,175.79019771361757,96.28952096427201,3256.7320439290324,16.54080031970915,72,1,24.300320633141673
8,246.99108369503867,156.64370155929407,3903.894761895367,13.401897481014267,76,3,12.985777814472984
4,110.36859777314713,60.607213334016684,2425.9312282761994,11.490249492869136,75,1,29.58491376823538
4,118.02567583148412,103.5885847780487,2339.9872793514264,6.383213360155052,73,2,21.34717559867088
4,122.35215987566669,77.91981481057067,3098.6262658062433,14.91745528484809,71,3,24.996766695893708
4,105.98169292171245,74.21803348433849,2488.259662920418,20.316754790009234,81,1,33.80127077328707
4,115.36138722715626,61.699706637825436,2452.151912635923,19.98377764364361,78,1,27.669144818216882
4,112.18888601172692,80.40371855290789,2161.6524715990713,13.628711230241183,70,2,28.968965179545037
8,225.46514147823248,137.09234608514672,3740.2595630776245,13.193363818914658,82,1,20.17657284592108
4,100.404853242168,73.46411777574434,2369.2275516481254,16.40632276822507,82,1,33.52094481463326
4,112.36765261388415,102.72101445922553,3110.503790034092,12.004843682435126,80,1,20.15188115731098
6,175.46997436868173,106.8472812033042,3552.4542723356585,15.905375699458398,73,1,19.453157227692603
4,133.7671541169256,85.7912799154281,2527.962413705569,17.298240835154072,70,3,30.02117900414749
8,238.38906239127812,135.56188289848936,4463.108951336078,18.680799671652924,82,1,15.830490870341833
4,144.29773686267333,71.58013811403646,2945.4413717478988,14.699537770560141,75,1,25.370852630528944
8,212.48978655667926,165.24960762762612,3818.7921541228443,14.388978749469102,73,1,9.472477235587009
8,237.08480955081018,136.4763953065468,3275.1485712816066,12.366052239730317,74,1,14.991875650787224
4,114.75013008607527,93.74938269596315,3272.7356431476856,12.519358937880419,74,1,21.243881142480205
4,144.8470439982651,80.4930232254657,2352.6068833091012,14.32056332429542,78,1,26.38109004962727
8,211.87552571967274,137.2503986892688,3488.6503132607772,16.102096520448534,70,1,13.650360190021912
6,155.40417236728837,115.58889286866625,3555.6426080024103,17.74075387869975,82,1,24.96885165049068
6,159.00911031833968,119.67065339552076,3909.9381015848185,12.590463147958966,71,2,16.536928158072847
8,192.1415641353529,151.46171954660636,4246.06820462763,19.478065706878567,82,1,11.960157495409545
4,104.11367467478858,53.15730336131452,2840.97728001309,14.186629196872294,75,2,26.46889335969894
4,100.61301007669454,63.27435389010158,2848.6885854163215,14.935898116954691,74,1,26.107140997913387
4,114.25590679714311,69.02977637338195,2913.3538896950768,12.75836496255653,80,1,28.781260539998314
8,229.1263396366574,143.10679885079944,4089.732147446691,7.727279219181176,76,2,5.759618131724515
6,196.1425625882383,115.44806517060813,3370.297855992344,17.652136189083148,72,1,18.74985717169174
4,126.25635757279075,74.13241201119905,2726.050275987969,17.2105316912773,72,3,27.687364675431642
4,103.34644516506395,55.97586769547878,2684.351718025119,14.15601732864536,79,2,33.62624093519456
4,98.52377992977463,76.56237421207156,2511.508852783331,15.200972151674616,71,1,22.921378589991658
4,119.37878757259759,79.32702894340588,2629.8312307833066,16.547817653112297,82,3,32.54729977850297
6,148.19650189469036,114.71748537517247,2876.7607964511535,10.312362429340372,72,2,18.436649023748828
6,195.4718814878153,120.96936870665546,3275.4150933013125,13.412841967961116,79,1,22.496591406061714
8,241.6916018108193,154.00706585458684,3652.8522232122705,17.38279403886548,70,1,13.56888238740693
4,104.96236521842943,77.51016095074124,2424.1026706960574,11.237131730492251,74,1,24.75130242748019
4,86.30298206363683,71.15801146249623,2744.9735377883694,15.880673796499888,81,3,33.46146741192827
6,188.3080856124812,88.0684687978081,3648.00057158615,10.930254586129784,74,2,17.592619277150035
8,222.28190232121074,149.15541862959103,4129.5791515005785,16.39928994730058,81,3,17.905287624167222
6,186.5672446796019,110.49225224595733,2907.3748490942057,14.893075553107549,80,2,24.478909475621652
8,200.0835851180845,147.25894604634448,3652.5929658574155,10.154604552283471,76,1,13.94518303390032
4,103.0093746556934,56.679017090156286,2935.192796997054,18.494218063371513,73,1,29.0402144509423
6,168.07865549577275,95.02732151510085,3054.3781516154227,12.796225269605852,72,2,27.89009373498315
4,112.70470890647113,84.63783423999485,2643.841712500744,12.569242688956857,70,1,22.85199563464247
4,105.24901792781135,71.52533815372014,2837.513024756138,15.60170759169283,81,3,31.78896641518047
4,121.34274898521248,80.1780083684715,2457.913886284091,18.445912048286147,77,1,29.298822386159518
4,95.98569355926108,72.33982051356553,2726.34387653649,11.95253454306481,82,1,28.18959264246647
6,165.8643077246806,108.35707367394895,2966.4936262704487,15.185039549543914,72,2,16.35418038145549
4,113.80443447567848,83.25940567171197,2549.658089012197,16.28644950099172,82,2,32.250503682333544
6,175.71658251088124,101.80746326139152,3379.945483535634,17.079316821789433,71,1,22.16498760944058
8,234.67422317133335,145.1534493232918,3501.7515666170825,15.529324665831675,80,2,19.03206801008287
4,95.13036862243196,66.45269653553949,2810.1186844901,13.898916482750034,73,1,23.01575356492571
4,88.98828743896567,66.78604527081221,2695.0905502683295,12.517229338053841,72,2,24.605892534917714
8,243.16515232847763,140.28993451837633,4038.122488604287,15.258431649139125,82,2,11.311103186793664
4,116.98471017969388,74.66560525960455,2755.9785335161655,11.78358296404318,70,3,26.847207768694993
4,100.7727019516517,66.25501654003827,3041.035107493461,6.235948549516177,72,3,20.033235390374333
4,135.26727963283784,87.06907350688225,2731.3061256619767,16.309679412473002,81,1,28.402678421151958
4,113.73511951439288,61.26471237336595,2592.648614718687,17.711804523258586,71,1,28.266064191326134
8,241.6894577609574,141.75754027006369,3930.574375758071,7.911202693374484,77,3,14.971855136448983
8,225.01277722115162,138.7232273007099,4035.824507259097,11.970807885870187,75,1,11.068696805240995
6,198.9112188732298,125.3637346122448,3312.215017581426,16.857462783015592,78,3,23.836853665006778
8,250.33011263664807,146.3586573181389,3910.1479228009707,21.172486409135097,77,1,17.382417464243158
8,220.2655377728139,156.3821344736236,3724.502078048311,15.062381123026224,79,2,17.864787485783683
4,126.57356426431534,54.173275523556335,2534.2747706122627,12.815991176312597,72,3,29.106772023121174
8,233.68063924377722,147.2046031904311,3549.3486820500766,14.45131067668548,74,3,19.548333588008205
6,188.52947336298524,118.67556954748125,3737.3941857967347,19.124629257444553,76,1,14.699068246395113
8,209.52614809129844,144.9874078713051,3589.0341911521787,13.062107462626393,74,2,15.813054793272084
8,234.2907718999766,156.7857645007842,3726.773700551023,12.602423980049238,77,1,10.328754119311794
4,127.87636730274382,65.79253859879553,2520.3981836077005,13.551769433453902,81,1,29.488742649641285
4,85.61890770365329,88.91216928222696,2923.7310942361105,12.140014175223863,74,2,24.375232127774645
4,94.25112231001337,99.586777483431,2626.262580426993,15.368010947984386,70,2,25.09055634278262
4,81.4115173335985,67.64593727472409,3011.9355181684336,19.87403537540868,74,3,30.91366687860147
8,219.95889748333164,138.65396974319074,3731.627343939033,15.969237819348088,73,1,11.157141983510291
8,234.76313383693943,161.44061372541242,3969.7485405559505,14.242939493621137,75,1,13.056977593492103
4,134.53535578144042,90.95486574876855,2491.163236685061,14.124566193253369,72,1,23.01852286518411
6,169.11142170629662,101.72567967416077,3836.287281943347,10.31042757391003,80,1,15.430347947428459
4,136.42923318356938,66.95775819484972,2403.1003952426217,17.64932933144148,74,1,31.586079951113696
4,91.29847812677663,68.61858469367391,2777.455177556757,14.766488408961594,71,2,25.68321232025038
4,86.44926340967268,55.866593867588676,2858.4442202330247,14.458560259228124,80,1,30.10847710258203
4,111.16678451655072,60.97617664218962,2803.4497743628745,24.579322703534583,75,3,30.058143648105503
8,229.7609817340896,131.95031079897518,3853.6780852805728,15.89625872509706,82,3,19.99967867000604
4,111.5095787785886,62.786429218750456,2667.5448250666436,12.744626849714447,81,2,30.92406531160674
6,136.98836849940184,107.58378135135862,3310.9528679947775,13.72092721138337,75,3,20.216651187058588
6,166.66319940730818,110.81057679043825,3263.249499592878,18.445337127590264,74,2,18.01396196766446
4,92.4329574924272,90.60600591376893,2940.9697791987273,15.339811231613293,75,1,23.537869826274182
8,234.04508823245058,132.0197515111345,4452.630750397838,10.6851660650479,80,1,10.350075659426246
8,229.49897369145273,155.811868781719,3760.6270537480414,17.757686803725612,76,1,13.399436220541668
4,97.90180320508966,69.43213386929389,2357.5492551052307,12.995567743383019,81,1,27.13692602526574
4,104.2919962399496,71.4064354841708,2677.9294879121862,20.619893328652637,74,3,34.89119420306995
4,96.11179717166573,80.09783390599924,3344.9273344135795,18.240144197143945,70,1,20.763001645601822
4,111.05981354090243,58.527335741252415,2499.0813580075674,13.658034313023746,77,3,31.337386108495426
4,126.32713480751858,76.58891695420861,3109.779201361017,18.843049085205337,73,2,21.485008996579122
6,153.21410930496685,109.99742649855668,3719.4252035191103,15.20356653158221,78,1,21.67520009221719
6,175.56069773276766,113.9094151680978,3161.6029395730015,17.55832102536666,79,3,24.085501494967428
4,104.04613572441339,75.47002372689381,2842.2457697963187,16.454198451883425,81,1,29.22354786862282
4,100.10690751606484,101.46360167893073,3107.0991557821344,12.46093003502738,75,1,22.682984804561112
8,222.39454460068163,136.3471201889842,3805.218064753128,13.069350503047614,70,2,10.716046434673363
4,96.4713651637094,65.62803653997818,2649.1049099744096,18.089882452743485,72,1,30.313998087300554
4,103.69526041979228,64.52231368290283,2554.579771512839,13.995674003680378,72,2,23.895476092590584
4,94.03183161116728,65.33427457007694,2446.3108173267833,13.78905461027401,79,1,31.385208259311238
8,253.47087699374583,136.3513544723218,3737.6806137334984,12.134632261951941,81,1,18.55058133438211
4,112.52895327957593,86.26819837329062,2394.014933309436,16.270797196780382,81,3,31.38365546676845
6,157.5041173801112,125.04605097587826,3308.5208670648067,21.187574757729436,73,1,22.67582031948485
8,227.20969866101333,137.15104447500627,3707.5066922353394,11.797401257237182,75,1,16.60640133209349
4,110.31507925463755,62.011733122749256,2758.446477947687,15.072658370018274,76,1,27.674793328940048
6,164.68545600700165,113.65698667663685,2911.026088449093,19.236661666246288,79,3,26.71141906306518
4,121.21250050065137,65.37332346862834,2782.720058053614,14.761075826262855,73,1,24.550297726282302
6,179.36261565070959,115.59518181306613,3508.382240402231,16.3571153887492,75,1,17.54928576028433
6,160.04248278584208,110.4350762502156,2801.566089357136,11.81281941555936,80,1,21.42278576607006
6,159.3627263903298,89.81107062003322,3393.5141424618932,16.284921291622947,70,1,18.002046532182337
4,107.87422454272534,90.57006241596073,3006.917248118323,14.438567204986354,77,3,28.31844446560988
8,189.4711825289662,165.55053207714627,3597.5897453271987,17.957189987039587,76,2,13.658151263265452
4,89.27213406702171,64.64653571418737,3118.1430967094257,18.562158154694252,80,1,29.62461075511108
4,132.50311401166786,67.3475812807682,2804.7547523415114,22.76869092605584,80,2,33.89752569133451
4,136.67451570251924,75.43038468869887,2523.747036060398,16.738899519640725,78,1,32.88011819973033
6,164.26445940665434,112.0134814798443,3286.0577305855736,15.9773889497465,72,3,19.86468747926535
6,176.6483544458365,115.90253127207396,3439.5817281304307,15.583152904732009,71,3,19.72612904968467
4,116.66875231815304,96.1224544651962,2719.0013478531027,13.940501121567936,70,1,23.62613643169795
6,214.18321212682855,105.87663327007141,3434.6889981115924,16.01545153038507,72,3,23.591427664157003
4,128.79362367151865,62.42043306553855,2469.8316017301586,14.11379576958291,74,2,28.560358277766117
6,166.08123612778851,91.44816926382568,3342.3402060090193,15.505382928808842,80,1,22.318048364502978
4,97.66689339099361,63.22883952069697,2346.571375773755,18.952792606823877,71,1,28.350521988779604
6,143.90330519613642,107.60247632551443,3272.193484662825,11.980372304161076,81,1,25.469376853248626
4,115.05195453800835,93.53469436221346,2474.0230896338026,18.419635683387135,72,2,30.581154744030187
8,212.65473882073545,137.78866441156595,3716.1175143525584,18.951345202019596,73,3,17.515698285113764
4,90.66619435603488,74.68545541966678,3009.0232938026093,14.645794419026764,76,2,30.063090206985162
4,102.3014067363621,71.80292524712698,2972.8275301485673,8.634435302974216,82,3,26.896233157151695
4,95.77677994578407,86.260719281377,2852.2845302267942,13.176534038716703,72,2,25.097308852726943
8,249.30712452608847,174.32318911048347,3626.9218088318553,18.890983639683327,78,3,16.471985859247624
8,237.22459635424175,137.62957472495614,3820.8978875762996,14.931395813103354,77,2,16.372964012099207
4,111.88041038025074,66.12672668978134,3003.274424994796,12.002093303115267,73,1,24.152250317677815
6,190.1991620833504,120.52993052482887,3335.429228409976,13.485675236315348,82,1,19.62729844846163
8,225.16052461471426,152.18269787551574,4479.832384995423,17.521860079513658,70,3,11.84866301840342
6,155.08073698007604,130.1604879088324,3398.329459848593,16.640200704604137,70,1,17.34597963769507
6,190.84686115904486,115.00713822391157,3348.012279122508,14.283203702490917,70,3,20.608203541122208
4,120.08365065526988,67.68849491055529,2622.7208839493746,13.899526764555937,70,1,26.085042958524884
4,96.44130768510315,79.08785796830772,2733.385226195571,13.824725552868534,77,1,24.5901258588758
8,221.14491982874588,157.30444296699488,3861.882540904864,12.232769446504491,72,3,14.433417314238977
8,210.86572619922865,153.84578617436836,4077.0271691721478,19.846127068408325,75,1,12.551209434599588
6,147.25800403553495,114.08728837328758,3539.175579198646,14.03303859236598,72,1,16.90087104079918
4,125.89266321297463,84.80009627506985,2503.5026348730125,18.651475562476488,80,1,32.09547506213772
4,140.64124960705195,86.03154708534808,2367.1917616105557,19.563948155767356,74,3,32.29051223212077
6,147.0214863927129,124.58590789245032,2840.9486567241756,17.994932694443882,82,1,27.124017660092402
8,232.44453855035857,151.7845186510757,4026.997831728136,13.705139061845856,82,3,17.45888652007954
8,214.2403614631726,141.99458303619775,3624.1583484565317,16.21119027100983,76,1,15.111519735051452
8,216.69311924352957,145.76056423719987,3361.7773517618793,14.927413180827251,71,3,19.367920740033654
6,159.11409113641696,122.47810759810028,3397.144651132741,12.288894417809615,75,3,17.979961433975802
4,99.04013845480276,62.19677194815317,3323.2498793581976,15.97307784516481,82,1,28.30086054937948
4,112.7278244191724,76.42407970647481,2698.4822721150267,11.462880626520592,75,1,24.122782342714192
8,211.53574825383444,139.27993425207168,4109.622693612911,18.56303816538469,80,1,14.348842450506133
6,172.05685238669759,108.34493787521781,3320.4573396368914,13.60614810810482,72,2,20.934218406291013
4,111.24642835826295,87.34142235128758,2675.277586702214,15.603478967618518,75,1,32.259725523319304
4,108.41577929700385,74.29318881623884,2929.769120746942,15.849863614638426,79,1,26.79347842457304
6,154.38654506937604,108.55723857787379,3227.4313639528373,14.223285078887768,79,1,23.921973647295637
4,103.34843004147501,55.68172630824097,2766.848078517976,16.760081404425826,74,1,28.158956974880574
4,123.33086838738635,80.95504279232665,2780.4244515490036,13.575289030132426,81,1,27.388623572827516
6,175.5137578143657,115.7458101736929,3132.977386589238,17.613891892371733,71,2,24.34966815374449
6,153.33667132802174,133.95905667966554,3548.0105873841308,10.962060959259755,78,3,14.849990717207925
6,169.4899845814384,104.30666118056399,3256.2600608261478,15.379138738639236,77,1,18.845024749060084
4,123.27080685057683,74.62980393196727,2511.063710126789,20.816786997174855,72,1,29.50463354710367
6,142.95892078317942,110.99260420452906,3434.127460892601,11.999006026183276,77,1,19.422789883158472
4,120.15040288569902,90.9294393571617,2475.383004552241,12.966765088425445,78,3,29.66547372454487
4,102.0606436158123,70.85645361135657,2707.045289342282,16.541723548976744,72,3,29.464303028685016
6,176.5589800288974,111.34825830924407,3297.720250838949,15.538745345818795,72,3,20.71648929997445
6,156.55111265186224,115.29475811659847,3571.4738914578948,16.051890297820677,71,3,20.040706042470962
8,196.9267684900322,146.2393094778763,4018.6745582199883,16.46756139044299,77,1,7.470457514023991
6,143.58686343175256,102.64279662539366,3293.743260313714,16.90416440568531,79,3,23.523732368245525
6,168.72127419992074,110.3290799147797,3504.441574800072,18.32909952586867,70,2,18.91776750408904
4,115.89583752582223,84.88358099831726,3047.5518872543284,16.229455970785537,77,1,26.550128160240092
4,98.43525062343387,59.681816407067274,2839.4525765879657,14.276227036144373,76,3,32.5127466979748
4,121.57888688166061,73.59563608976251,2702.5881549608453,17.017721103608196,76,1,26.563568596728494
4,87.0771990659656,63.59855022072992,2372.04094191246,20.699645804685645,72,2,35.47187947986821
8,223.00880302029026,158.3405595470981,3633.721584231157,14.602098760852279,70,1,9.75954058192666
4,93.83475700356315,53.721757142594704,2623.6938239113333,12.076412085988075,73,1,26.864047819305192
8,214.2224583829676,137.29293783274093,3747.621949460179,18.321242007860917,78,2,19.308460561490516
6,168.7109800697462,112.52654250077426,3253.2571742536384,14.638856508139206,74,1,18.7407587998568
8,211.0937995207407,162.78628835081207,3914.1624812242767,8.481991361957892,70,1,7.697627171884713
6,162.23166683655262,107.21099686712415,3432.4231885891827,17.542265031451265,74,1,19.246285407251833
6,183.09439213821662,101.33760567968162,3282.3753054852273,13.394015442138231,82,3,23.889925337628924
4,103.34662195715276,94.57388483328708,2821.6254109565507,14.728400153087518,77,1,26.881019035894408
4,124.53538168097712,54.623833195005076,2716.11860370253,15.995940991707045,77,1,28.51262677760252
6,151.05439718013574,81.61432852055901,2806.1333584115323,15.5714990393372,74,3,27.885374707776826
4,119.94706266872925,77.28017340064,2465.1661515453115,17.128355451417118,81,3,30.124198140985044
4,133.6235293098685,65.97534930776867,2663.9781110695963,13.69354088829047,78,1,32.10464555107317
6,130.92533249809065,95.74520619443145,2997.576314289723,16.539317394528247,70,2,25.12278406455619
4,100.04657116794284,80.50027736759225,2849.9821824990513,14.22135996724825,73,3,31.660973551032104
8,232.6560819077081,146.92560856525438,4282.687708085924,17.216431442662508,72,3,14.696256079183042
8,220.9543192093551,137.23105643115926,4204.690462924329,16.846102452039162,71,1,8.612502346156715
8,229.56718810056964,128.63634721594926,3846.639282267448,12.193683893866215,77,1,15.290671252054675
4,102.94022219926269,82.46948793936174,3072.6815342124883,18.257946348525095,76,1,24.009917650607836
4,113.2988468120935,79.80241413550394,2737.166864300528,13.392109664657855,78,1,29.64888724708156
8,221.6648414691188,142.80988963464742,3815.72850722049,17.424173394843436,71,1,10.734446114678889
4,129.5167309248971,94.159643952572,2546.649334114765,16.10186194020402,73,1,23.256760801676624
8,227.8163126495182,131.15898280408618,3824.382578377968,20.51455103038537,75,2,14.975458857122883
8,229.06403993112804,125.69369794890314,3802.9557953646927,14.329602052884443,80,1,15.80093681683775
8,217.821845508163,135.69710316142508,3942.604055593872,13.952049611645407,72,1,10.171734506549821
4,104.6859066389126,71.45296780373403,2740.1434952624663,14.941741182336802,77,3,27.16141462754167
4,105.51162718270568,74.92007339187231,2700.761505038354,14.090460651497175,72,1,29.12827216481828
8,229.91678213567445,141.10516730572405,4009.2345424365876,17.39982570582615,81,1,16.99375026049443
4,105.68523278769605,76.22466475817156,2997.661568696585,10.151068174690236,82,3,28.091567279061877
4,116.34662285344619,56.981526909714674,2937.388533860331,11.838952742560938,82,1,31.575321315642867
6,199.13101197968157,125.3251752488791,2928.7755078875243,11.79659123526242,71,2,18.705640629504018
8,237.06687055147538,143.01418585928917,3261.519716274511,17.85092277592073,82,2,20.3575641013741
6,163.1096470174824,121.40754997905753,3533.5799778098185,20.131840117745774,82,1,19.123265709072907
6,186.01820883245918,112.11270415653244,2958.2803253961447,14.686652344387586,72,3,20.57225901947687
4,105.87886940467673,77.4810386298454,2643.808649526829,14.493534830429969,80,1,31.646642856086398
6,137.42813197233218,114.83720736278644,3007.47174348516,15.210156489339544,75,1,18.565854816107844
8,208.87870533623894,149.3725027202078,3449.504890604995,18.485634907824572,71,1,15.714792314257288
4,83.93812118461216,79.71267311841052,2835.365682051197,12.217940597428278,77,1,26.99335918073702
6,162.72729773938036,123.94983036158918,3489.788790075662,15.715106948204355,70,3,18.094527378375787
8,224.27627568784328,146.35825403641763,3755.87239981832,17.92559288934729,76,1,15.989703299703127
6,193.14655968412924,116.50804509106214,2652.2394269637725,16.503282509819535,71,1,23.398608009767766
6,172.90391060646243,106.92317166855328,3163.4388879368794,15.56874484979623,79,1,23.46998367406681
6,164.71349206786704,125.28140658539368,3397.9510013506365,18.003138277701424,81,1,24.703870817154083
4,124.44108371775233,63.88329237528876,2330.272107806468,6.8903031210022885,75,1,23.99460621967824
4,78.83297036488173,93.61128519492979,2745.839979944789,17.033625958592722,81,1,28.561494333812217
8,227.5342183716285,143.5181045922679,3896.172537706751,13.037772950617729,71,2,7.553559921847274
8,235.5629779083045,126.83069877458342,4044.822874900272,9.508101309430629,71,1,5.054551153482265
8,201.82120631330238,145.53725297892947,3929.8950921035384,16.53360779857494,79,1,14.570365987069323
8,241.15631064810393,135.82738011030142,3656.732764779611,19.120975635488875,82,1,20.924112355926145
6,173.07744611241623,118.08772258786469,3599.142875416123,14.587654456116924,77,1,20.951533271250383
6,161.770681291488,100.16851224837131,3260.3676067432575,17.858623641608816,81,3,31.589838421528654
8,233.49172799159427,138.64579880142264,3893.173865122517,19.836834773965936,71,1,16.734515657436564
6,202.06039286706593,85.32551122865362,3066.683010231701,18.944743360752142,76,1,27.39405398491656
6,170.72799382587743,102.57232416901108,3189.1794372021222,19.919893588114178,72,1,22.687567465490876
8,227.72330879450504,114.91344808045253,3678.799321493275,17.226382473215676,77,2,16.78659437323618
8,217.10958650689633,124.99316611817132,3856.7634850191444,15.226300916704778,76,2,16.081179724936796
4,99.25233445802812,81.12497587373157,3127.927120035586,10.194102564308494,77,1,24.597744477084024
4,124.45503724816368,81.42960190380998,2357.024714267161,14.261812535610154,76,2,31.0423615038772
4,99.15874261136699,77.10549074141957,2296.6096505308146,12.470260214051425,80,2,28.172254836332964
6,169.0734935582909,96.39628628244944,3667.792581873402,21.51282815249344,75,3,25.338081251278325
4,104.83513829852325,71.42746372629624,2647.6690807120335,14.47234256270299,82,3,33.06419604818512
4,119.18469738619588,71.95676953091318,2532.7318153350207,15.369614420353457,76,1,29.392519605304766
6,173.0049315793042,94.09962372968948,3559.976171849019,16.654456128121403,74,1,20.10169754924297
4,127.56309916386849,90.04077962120581,2548.596115065784,15.13080733911736,76,1,28.00091695093178
6,160.34975401717878,118.52834748690806,3756.502428386734,20.085153121292258,70,1,18.045353319459714
4,107.95187597059943,69.34842991404403,2869.481467834817,13.132051914796644,70,3,24.131376628122204
4,97.3185442632654,72.32263006793437,2578.0221479635743,15.583822365711729,78,1,30.201543411045172
8,217.33560109885832,146.50059369537064,4439.327053316376,12.772588242905854,74,1,7.32148215052318
4,117.65950739567279,47.49918157890851,2548.571269249165,11.039932466337882,82,2,29.304152724290613
4,123.35482924968028,69.03387140975283,2885.523843002327,13.164692727284145,74,1,23.842602094576502
6,154.16752013733563,99.81618902402641,3374.823145101623,14.888889608854765,72,1,15.886507660724153
8,237.0440888015849,131.980559881261,4225.435322349699,13.71209332644822,74,1,12.865565811140023
4,132.33456788207425,68.62679648536854,3090.3777991817133,12.922737060378433,72,1,23.56820084167072
6,174.2015235483555,129.57223832219427,3308.0010372664415,10.781047608984498,78,2,17.074312526262283
4,140.151937188371,79.69011433520411,2511.645532413454,14.750683282113915,78,1,31.377499699633116
4,100.3931620134464,65.14585212260644,2814.993035734779,10.485838877906993,75,1,24.97435782744651
6,149.33017945032876,114.8709933762739,3130.5711575619735,17.280167891068807,70,1,16.507112150601422
6,141.31919626643582,124.79226523903202,3803.346811881656,15.24731925880351,76,1,14.845395153840997
6,190.44066467233773,119.09560419495322,3334.1338327706844,10.627345501605209,76,2,21.065017709229757
6,177.81548484531086,108.71556443904208,3208.669612171973,14.07237276885041,79,1,20.173661017310874
8,223.16622993634317,136.2367586675331,3946.1700764662273,12.74353078322825,79,1,14.221511643579108
6,172.1995293947973,116.37867976336308,2963.218427617576,15.957523531257541,73,3,24.24933647261628
4,95.11766429052435,76.72182462506099,2457.096490372337,19.021351338069433,77,2,33.07581123340448
8,260.6862796942524,154.7423186403328,4200.103476986106,9.374482591062765,75,1,11.911308167497666
4,113.93831772962841,79.62206162018363,2535.776430257151,15.345078237442252,73,1,24.34306786131332
4,113.64092191907339,84.59463258383202,2438.272254329515,14.519601613300079,73,2,25.217777861224143
4,122.88649935848038,65.57717746127318,2834.1631881318217,17.014020229351395,71,2,25.02480434555318
4,119.2151384760507,87.80872878761191,2996.4260386657493,15.639589884713068,71,1,21.868528989567075
8,227.35826036418698,146.3711952563088,4079.7383276662667,12.744092004783543,81,3,16.855251287128194
8,212.1428831683203,168.90313047150318,4149.011921451454,14.042838193000145,73,1,5.373565361048007
6,175.07202535703993,99.72974618292518,3110.801227857635,12.611922429589534,74,1,22.49490024124432
4,140.2303674471255,92.83156563798299,2344.547333314539,18.228021415795794,77,1,29.633823484067833
4,132.18130069232467,74.37492940155177,3075.3334129888717,15.063934946015827,75,1,22.424480668497658
4,135.89779939959095,64.18298395662661,2619.330040289466,20.703572057259024,73,3,28.914767478094348
4,104.33176485353222,66.19336999134813,2637.291745886238,14.818017558556138,82,1,27.710780317207174
6,153.1559276961213,104.15583230166816,3632.0485354622647,12.874779699268611,80,1,17.897808590226052
6,166.11319619850528,113.08999135682299,3439.057502350165,10.458856822161518,76,3,18.34778190981083
6,168.8358736843304,114.274025856426,3413.971943020402,9.590580971232164,77,1,19.376182195311973
4,128.41287277706422,65.11559995273706,3241.250586225271,10.24759217098353,71,1,22.16290899724291
8,198.6130305542777,143.7077448928682,3739.1204424049643,15.80137995303445,81,1,14.817310328640014
6,190.9432547919092,133.70724430334235,3531.9600320203094,16.526175069689803,76,1,17.917933479133143
6,165.62988152131516,128.73051804120854,3314.253281224271,10.256427893903599,71,1,17.072734993869798
6,161.5967839507887,113.23588403608838,3367.148069715814,17.685114942228346,71,2,23.46391549127052
4,96.81843437109748,72.4560417380184,3082.117106603133,13.550816844949681,77,1,24.208289585947007
4,87.17714992201346,73.44037592061913,2826.958939072406,15.440379035956648,71,1,26.730975150891975
4,124.34755875942872,79.362215672765,2834.574019762408,19.836661884766272,80,2,33.754575990307835
8,225.09976950782607,131.72648921761913,4168.1268343274505,17.690517947596597,78,2,12.849705199714908
4,92.6505865038842,68.91148155091986,2608.7618176142787,14.194408056282503,81,1,28.928670793044198
4,92.57381841904575,51.97699111346893,2490.1975831652485,12.326423323754138,70,1,31.46436452038521
4,106.96322951064808,76.79067747126335,2438.7977014947414,8.544553796012085,78,1,25.558350721669452
4,137.0353228793409,79.76635127643289,2208.4108526559994,12.84254004227274,70,1,20.33626704815489
8,220.10612972954593,138.2017624524075,4414.05178248508,14.366609283516917,79,1,11.236894080833778
6,145.4528557032284,126.88784115948039,3024.1979085695793,12.038461418546447,82,1,23.23451014013943
4,108.31385403871083,57.290812043971904,2644.686594103557,14.606229098723086,79,3,32.318934653944794
4,107.90914645378494,54.42750143748216,2630.7966750277697,15.230555648876305,71,1,29.218475524124585
4,71.54670035587642,74.69342182271967,2776.8516744522753,14.325432054575764,75,2,28.908707793613722
4,111.18557700223282,84.56517963134586,2903.9343031348244,13.04999225752962,75,1,22.934997443956714
4,108.53598204686983,92.20713229749443,2915.118372089936,15.505964015900183,70,2,22.00277257283228
4,122.44309547220128,66.49338884557272,2554.2306403577654,16.325821948708228,76,2,30.895070199558788
4,139.73434142418017,84.94417000117555,2658.219571553397,11.728802767671462,77,3,27.576224800257556
6,184.89847544321637,107.53789836599151,3370.644987622075,19.232797139238812,71,1,20.14689244698174
6,163.96666964167756,105.92847240071016,3237.8272184541133,14.704235603147215,77,1,21.322620296142837
4,95.40211136887494,82.60391924984006,3101.836394004998,15.056548868834543,78,1,23.359771876161798
4,150.6003970487479,79.82787454096103,2822.7437379095627,17.12464326976967,75,2,29.143645573493252
6,168.88827651021734,89.08329411618901,3483.7194465124544,15.699648393790504,74,1,21.837642000427557
6,168.2089393786942,125.71848419671075,3465.720317166853,17.859409901739735,81,1,18.291517894926756
8,223.63812369334994,160.56109624976943,4193.368464371331,15.861372495605472,78,1,10.136041202425869
6,170.97127141151782,100.49324758188564,3345.255389675927,13.162687876078687,82,1,22.44664658687411
4,109.83459382114086,76.7496424012489,2375.7920130110383,16.084510575618303,81,1,30.443912965065678
4,103.39506989679646,77.92836223539287,2799.9219879381603,11.568821378038015,80,1,27.466786493026348
6,159.79711588139412,111.12808518988689,3137.1607765520425,15.32567911732957,78,3,23.793301303449564
4,111.50870094676003,65.39633815385496,2567.845829562561,14.900310028066617,70,2,27.841591280182822
6,159.84862843299354,99.94051958474338,3446.5910046887734,14.375649428182381,80,3,22.712808112518065
8,213.30731325984254,143.69335114810266,4209.5707678584085,14.614387465683208,72,1,5.493996364059656
6,169.59645341537845,122.07274823111237,3305.3178941840156,9.354452863507083,78,3,14.737347600413312
4,108.17534173868717,78.52320185513318,2777.208253149741,13.353825276777116,80,3,30.34056202736085
6,190.55989482874034,103.55262801496673,3725.5537361588094,15.278534703423345,71,2,17.864506286240932
4,72.23545287410482,81.26038452778013,2760.1882948721423,15.479569175992202,81,2,30.329940778687405
6,184.37260277883692,73.8174885524391,3950.420778545099,11.916974577222126,73,1,17.343159446222383
8,242.69127788746442,157.78518840446523,4041.377411407886,18.797123522594102,73,3,14.000913259150241
4,80.89914651387775,51.1234346546628,2259.8093102110456,12.401475455356497,71,1,30.867585148183267
8,218.85968608879477,139.65070870316242,4088.3354052761333,17.90837160158021,72,1,13.148341243619887
8,218.42838701006312,130.56396126448627,3995.2895962206944,16.281583085615054,82,1,18.99447653964696
4,90.88732457923268,56.46382229134913,3022.4381885206863,13.061318070468591,72,3,26.89257135742846
4,100.33274968613686,85.92992144854223,2868.29533781749,20.325932677828536,70,3,26.759438686115562
4,95.34136231801257,66.38758558425731,2665.3860040040568,11.419089504730561,75,3,28.466875894227698
4,138.28405665135435,76.15804658076858,2393.9254409276587,17.757462520830003,77,2,30.0270181937976
4,126.03517589721191,71.4369530534498,2647.7441856784935,18.001746954128933,81,1,30.611019199824703
6,187.07332642491238,113.72448992667746,3087.369886447675,12.988139372770066,72,1,18.75254399231131
4,122.82508096064853,72.92186269272307,2554.8691375488193,19.177395900192987,74,1,29.895933519333298
4,95.06422343174157,56.604093309737166,2847.1446011051526,14.249860456203141,70,1,25.168815530490956
8,216.1321960058034,155.9552018333657,4317.476126087851,15.866080887839571,79,1,8.256294083707694
4,119.34061841841877,66.07492100206424,2798.6678824557453,15.780965516313662,76,1,29.163802456057365
8,205.6680828666208,125.32101721608299,3601.029234491204,14.597073775588356,79,1,19.428716572437754
4,122.69497645258582,66.86261806840905,2811.1506670550352,17.432424819479348,82,3,36.250427591073034
4,108.39511902762797,90.00911748761173,2999.1578716614126,17.38046616165664,70,1,23.57792609527613
6,162.37768788675604,118.20266090536191,3147.5542739201546,9.754404080285457,81,3,21.574533974468576
6,178.66439952305237,103.81617438710569,3266.4957083317704,18.913020728634457,80,2,23.449859656395738
8,230.66394967229058,139.80890754817887,3903.672048682299,10.012524035892977,78,1,14.787374709756916
6,162.5855075127138,104.14037938539141,3103.77542172944,18.097638613024973,77,1,24.307794791344755
8,241.38994705046372,168.92097580273008,4062.0701084609645,18.38011541048275,76,1,11.712285821853493
4,95.78405008600154,76.58322542677864,2669.7629628480545,11.727100709354406,79,1,26.27853763855331
4,121.23903410416395,77.16049976629283,2804.883110976757,13.767557136136245,76,2,26.10249079270858
8,232.89651886952575,156.3634014483821,3678.126955549475,11.682885994542193,74,1,12.11287458723773
8,219.35680341029015,146.86546990831818,3790.635424919147,14.355236909133794,74,1,10.304377668903008
8,228.89199533363177,140.89149425015157,4080.595339456943,14.075897147442776,80,1,16.71609083028213
4,93.23329635422046,69.64380181098026,2606.791711977058,17.33898159680802,82,3,36.67941326052037
